name,filename,path
,,
is_mateescu_adrian,adrian[01-28].png,PHIL/previsualization/storyboards-artists/adrian mateescu
is_reid_andrew,andrew[01-29].png,PHIL/previsualization/storyboards-artists/andrew reid
is_marte_anthony,anthony[01-27].png,PHIL/previsualization/storyboards-artists/anthony marte
is_lee_david,david[01-17].png,PHIL/previsualization/storyboards-artists/david lee
is_holmes_john,john[01-27].png,PHIL/previsualization/storyboards-artists/john holmes
is_komoda_kurt,kurt[01-24].png,PHIL/previsualization/storyboards-artists/kurt komoda
is_buck_matt,matt[01-19].png,PHIL/previsualization/storyboards-artists/matt buck
is_ocasio_michael,michael[01-22].png,PHIL/previsualization/storyboards-artists/michael ocasio
is_marano_philomena,philo[01-10].png,PHIL/previsualization/storyboards-artists/philomena marano
is_chalek_sarah,sarah[01-18].png,PHIL/previsualization/storyboards-artists/sarah chalek